0.0034317041274309146,-3.7269449679189215E-20,-2.371692252312041E-20
0.003622318580764452,3.1079611449514723E-10,-4.25603662462611E-10
0.003768660251480949,9.300026061342919E-10,-1.3265660819312833E-9
0.003965713854675633,4.815202489146517E-9,-2.913380221910142E-6
0.004162766424223907,1.625043204058636E-8,-1.1646435924064946E-5
0.0043598179196337634,3.765226305791315E-8,-2.6558652336318134E-5
0.004458343249761783,5.222774682891212E-8,-3.6416941471948075E-5
0.004606130743329467,7.874539119093456E-8,-5.4090053035893947E-5
0.004753917671579051,1.119666324997952E-7,-7.52309668254889E-5
0.004852441992130147,1.3891958338479272E-7,-9.125146373419887E-5
0.005000227876122323,1.885573229018912E-7,-1.1817203501310096E-4
0.005148012903907482,2.5043168708953014E-7,-1.4868441927387468E-4
0.005295796687852714,3.258217610799675E-7,-1.829126374052625E-4
0.005443578809457787,4.1612629601167107E-7,-2.209968655659444E-4
0.005541469830844576,4.856128119450889E-7,-2.4859556562761945E-4
0.0055899222758416705,5.226304558712038E-7,-2.6283341377143505E-4
0.005685758228043406,5.98028046219193E-7,-2.913085011057527E-4
0.005733141735358172,6.364512909032868E-7,-3.055456551890131E-4
0.005780168930301064,6.753746454090048E-7,-3.1978242955027855E-4
0.005873110771086247,7.547704571311722E-7,-3.4825462312998727E-4
0.00591901451395205,7.952353215874336E-7,-3.624899726813707E-4
0.006009771984286902,8.775005976021473E-7,-3.9095907964477355E-4
0.006054650477944151,9.19269508278727E-7,-4.05192874609788E-4
0.006144078879351453,1.0032252682242034E-6,-4.336599663046876E-4
0.006188793080055104,1.0452031481963454E-6,-4.4789351215213726E-4
0.006188793080055104,1.0452031481963454E-6,-4.4789351215213726E-4
0.006278221481462404,1.1291589081420658E-6,-4.7636060384703704E-4
0.006322935682166056,1.1711367881145059E-6,-4.905941496944869E-4
0.006367649882869705,1.213114668087217E-6,-5.048276955419366E-4
0.006904220291313511,1.7168492277573925E-6,-6.756302457113335E-4
0.006904220291313511,1.7168492277573925E-6,-6.756302457113335E-4
0.006948934492017162,1.7588271077299952E-6,-6.898637915587833E-4
0.006948934492017162,1.7588271077299952E-6,-6.898637915587833E-4
0.006993648692720814,1.800804987702354E-6,-7.04097337406233E-4
0.007038362893424463,1.8427828676751464E-6,-7.18330883253683E-4
0.007038362893424463,1.8427828676751464E-6,-7.18330883253683E-4
0.007083076804681378,1.8859261839790386E-6,-7.32723686564798E-4
0.00779841291578423,2.9243804462648383E-6,-0.0010105849436532798
0.007843115944118823,3.0113430616198855E-6,-0.0010309656763229631
0.007843115944118823,3.0113430616198855E-6,-0.0010309656763229631
0.007887818249707145,3.10118943683751E-6,-0.0010517325132161249
0.007887818249707145,3.10118943683751E-6,-0.0010517325132161249
0.007932519767357697,3.193975709376651E-6,-0.0010728712849773384
0.007932519767357697,3.193975709376651E-6,-0.0010728712849773384
0.007977220389444751,3.2898388705508924E-6,-0.0010943809797234589
0.008736980816655332,5.420243758158419E-6,-0.0015195595234561677
0.008736980816655332,5.420243758158419E-6,-0.0015195595234561677
0.008781663782007752,5.5749905617104E-6,-0.0015480677550216556
0.008781663782007752,5.5749905617104E-6,-0.0015480677550216556
0.008781663782007752,5.5749905617104E-6,-0.0015480677550216556
0.008826345704178203,5.732892248225545E-6,-0.0015769397398245162
0.008826345704178203,5.732892248225545E-6,-0.0015769397398245162
0.008871026533423098,5.893788136422749E-6,-0.0016061452490148851
0.009541117027390801,8.635601355787325E-6,-0.002080587574082808
0.009585781486636196,8.840578673017575E-6,-0.002114674050085975
0.009585781486636196,8.840578673017575E-6,-0.002114674050085975
0.009585781486636196,8.840578673017575E-6,-0.002114674050085975
0.009630444653659073,9.049040361844957E-6,-0.002149140836783365
0.009630444653659073,9.049040361844957E-6,-0.002149140836783365
0.009675106267455519,9.26171619474185E-6,-0.00218405675108553
0.009675106267455519,9.26171619474185E-6,-0.00218405675108553
0.010523272640691986,1.441852772249481E-5,-0.0029633575300868882
0.010523272640691986,1.441852772249481E-5,-0.0029633575300868882
0.010523272640691986,1.441852772249481E-5,-0.0029633575300868882
0.010567891292067002,1.4749829002167142E-5,-0.00301058324875608
0.010567891292067002,1.4749829002167142E-5,-0.00301058324875608
0.010612507366668775,1.5088283007405612E-5,-0.0030585358585233148
0.010612507366668775,1.5088283007405612E-5,-0.0030585358585233148
0.010657120847608517,1.5434040122761818E-5,-0.00310722607992464
0.01132599061565079,2.1565171739274143E-5,-0.003933051245081882
0.01132599061565079,2.1565171739274143E-5,-0.003933051245081882
0.011370559734050278,2.203700228348127E-5,-0.003994481498976981
0.011370559734050278,2.203700228348127E-5,-0.003994481498976981
0.011370559734050278,2.203700228348127E-5,-0.003994481498976981
0.011370559734050278,2.203700228348127E-5,-0.003994481498976981
0.011415126534245852,2.2516331888119837E-5,-0.004056677986318217
0.011415126534245852,2.2516331888119837E-5,-0.004056677986318217
0.012350673595877661,3.42734065027835E-5,-0.005538098364169283
0.012350673595877661,3.42734065027835E-5,-0.005538098364169283
0.012395206573601695,3.491453979351461E-5,-0.00561706763003719
0.012395206573601695,3.491453979351461E-5,-0.00561706763003719
0.012395206573601695,3.491453979351461E-5,-0.00561706763003719
0.012439738337768442,3.556494471881845E-5,-0.005696992434508872
0.012439738337768442,3.556494471881845E-5,-0.005696992434508872
0.012439738337768442,3.556494471881845E-5,-0.005696992434508872
0.013196933270034395,4.822270542992986E-5,-0.007215790319488137
0.01324148523067226,4.89012455478291E-5,-0.00731461407041581
0.01324148523067226,4.89012455478291E-5,-0.00731461407041581
0.01324148523067226,4.89012455478291E-5,-0.00731461407041581
0.0132860413889276,4.925508029856836E-5,-0.007414663914966017
0.0132860413889276,4.925508029856836E-5,-0.007414663914966017
0.0132860413889276,4.925508029856836E-5,-0.007414663914966017
0.013330604497757258,4.927027732376261E-5,-0.007516041391422699
0.014089513221796413,-7.400363463421107E-7,-0.009441186598376606
0.014089513221796413,-7.400363463421107E-7,-0.009441186598376606
0.014134233853026314,-6.716685442854312E-6,-0.009566231406991779
0.014134233853026314,-6.716685442854312E-6,-0.009566231406991779
0.014134233853026314,-6.716685442854312E-6,-0.009566231406991779
0.014178965891923221,-1.3245755254657262E-5,-0.009692499920285088
0.014178965891923221,-1.3245755254657262E-5,-0.009692499920285088
0.014178965891923221,-1.3245755254657262E-5,-0.009692499920285088
0.014986961528744682,-2.587292485184056E-4,-0.01218504600280919
0.014986961528744682,-2.587292485184056E-4,-0.01218504600280919
0.01503201181729191,-2.7972340309052705E-4,-0.01233596667518223
0.01503201181729191,-2.7972340309052705E-4,-0.01233596667518223
0.01503201181729191,-2.7972340309052705E-4,-0.01233596667518223
0.01503201181729191,-2.7972340309052705E-4,-0.01233596667518223
0.015076914307518927,-3.0188207729083764E-4,-0.012488698881548736
0.015076914307518927,-3.0188207729083764E-4,-0.012488698881548736
0.01580598401850136,-9.562669196656239E-4,-0.01577691286590228
0.01580598401850136,-9.562669196656239E-4,-0.01577691286590228
0.01583733931620504,-0.0010030217015846487,-0.01597059806900951
0.01583733931620504,-0.0010030217015846487,-0.01597059806900951
0.01583733931620504,-0.0010030217015846487,-0.01597059806900951
0.01583733931620504,-0.0010030217015846487,-0.01597059806900951
0.015867268135535153,-0.00105107296569594,-0.01616681180759432
0.015867268135535153,-0.00105107296569594,-0.01616681180759432
0.01611339198579871,-0.0021306095956525163,-0.020145446076154216
0.01611339198579871,-0.0021306095956525163,-0.020145446076154216
0.01611339198579871,-0.0021306095956525163,-0.020145446076154216
0.01611339198579871,-0.0021306095956525163,-0.020145446076154216
0.01611085284924749,-0.0022024978918347322,-0.02039126381504438
0.01611085284924749,-0.0022024978918347322,-0.02039126381504438
0.01611085284924749,-0.0022024978918347322,-0.02039126381504438
0.01611085284924749,-0.0022024978918347322,-0.02039126381504438
0.015872998713380746,-0.0037120859144701233,-0.025230475308773856
0.015872998713380746,-0.0037120859144701233,-0.025230475308773856
0.01584985654593047,-0.003807948387589021,-0.025522305768400554
0.01584985654593047,-0.003807948387589021,-0.025522305768400554
0.015826733932024387,-0.003905166205770045,-0.02581655013798642
0.015826733932024387,-0.003905166205770045,-0.02581655013798642
0.015826733932024387,-0.003905166205770045,-0.02581655013798642
0.015826733932024387,-0.003905166205770045,-0.02581655013798642
0.015417142152247845,-0.005905878756145866,-0.031523148161463066
0.015394917603664628,-0.006031067567699723,-0.03186300381433049
0.015394917603664628,-0.006031067567699723,-0.03186300381433049
0.015394917603664628,-0.006031067567699723,-0.03186300381433049
0.015394917603664628,-0.006031067567699723,-0.03186300381433049
0.01537289656063225,-0.006157844445043149,-0.03220545347385212
0.01537289656063225,-0.006157844445043149,-0.03220545347385212
0.01537289656063225,-0.006157844445043149,-0.03220545347385212
0.014855599193052578,-0.008862834855384758,-0.03926971796253124
0.014855599193052578,-0.008862834855384758,-0.03926971796253124
0.014855599193052578,-0.008862834855384758,-0.03926971796253124
0.014822531596545967,-0.009021092625560527,-0.03967162184817747
0.014822531596545967,-0.009021092625560527,-0.03967162184817747
0.014788258375205265,-0.009181533940096943,-0.04007773491845811
0.014788258375205265,-0.009181533940096943,-0.04007773491845811
0.014788258375205265,-0.009181533940096943,-0.04007773491845811
0.013992878919248697,-0.012267413956516184,-0.047689989869418956
0.013992878919248697,-0.012267413956516184,-0.047689989869418956
0.013933148652965749,-0.012470011780011676,-0.0481798840685103
0.013933148652965749,-0.012470011780011676,-0.0481798840685103
0.013933148652965749,-0.012470011780011676,-0.0481798840685103
0.013933148652965749,-0.012470011780011676,-0.0481798840685103
0.01387120727890957,-0.012674681367355892,-0.04867489838680253
0.01387120727890957,-0.012674681367355892,-0.04867489838680253
0.012321913814962506,-0.016664347904907343,-0.05844831300683598
0.012211607423094316,-0.016902807541544187,-0.05903909301282133
0.012211607423094316,-0.016902807541544187,-0.05903909301282133
0.012211607423094316,-0.016902807541544187,-0.05903909301282133
0.012211607423094316,-0.016902807541544187,-0.05903909301282133
0.012099028898741046,-0.017142864962515388,-0.059634216264578335
0.012099028898741046,-0.017142864962515388,-0.059634216264578335
0.012099028898741046,-0.017142864962515388,-0.059634216264578335
0.009827166324916477,-0.021741595158844586,-0.07089729018764003
0.009827166324916477,-0.021741595158844586,-0.07089729018764003
0.009687718326533432,-0.022012498320750765,-0.07155295059035854
0.009687718326533432,-0.022012498320750765,-0.07155295059035854
0.009687718326533432,-0.022012498320750765,-0.07155295059035854
0.009687718326533432,-0.022012498320750765,-0.07155295059035854
0.009687718326533432,-0.022012498320750765,-0.07155295059035854
0.009687718326533432,-0.022012498320750765,-0.07155295059035854
0.006327949365584633,-0.028198141178556384,-0.08646678396887833
0.00616206633858486,-0.02848915430478095,-0.08716675294632506
0.00616206633858486,-0.02848915430478095,-0.08716675294632506
0.00616206633858486,-0.02848915430478095,-0.08716675294632506
0.00616206633858486,-0.02848915430478095,-0.08716675294632506
0.00616206633858486,-0.02848915430478095,-0.08716675294632506
0.00616206633858486,-0.02848915430478095,-0.08716675294632506
0.005995599387262592,-0.028781142621961617,-0.08786945178920101
0.003520308862552649,-0.03333759278777358,-0.09886660451111853
0.003520308862552649,-0.03333759278777358,-0.09886660451111853
0.003356964683043114,-0.03365337617874262,-0.09963089782056181
0.003356964683043114,-0.03365337617874262,-0.09963089782056181
0.003356964683043114,-0.03365337617874262,-0.09963089782056181
0.003356964683043114,-0.03365337617874262,-0.09963089782056181
0.003356964683043114,-0.03365337617874262,-0.09963089782056181
0.003193934845263179,-0.0339709356727236,-0.10040006058086819
2.6665925639777013E-4,-0.04002632932520981,-0.11513800682208657
1.041655413773733E-4,-0.04038178690063605,-0.11600646910844957
1.041655413773733E-4,-0.04038178690063605,-0.11600646910844957
1.041655413773733E-4,-0.04038178690063605,-0.11600646910844957
1.041655413773733E-4,-0.04038178690063605,-0.11600646910844957
-5.874931427404898E-5,-0.040739631448624886,-0.1168798076648584
-5.874931427404898E-5,-0.040739631448624886,-0.1168798076648584
-5.874931427404898E-5,-0.040739631448624886,-0.1168798076648584
-0.0031374367006915963,-0.047621202182510765,-0.13329819624315498
-0.0031374367006915963,-0.047621202182510765,-0.13329819624315498
-0.003316655854100072,-0.04802806458165765,-0.1342482213581736
-0.003316655854100072,-0.04802806458165765,-0.1342482213581736
-0.003316655854100072,-0.04802806458165765,-0.1342482213581736
-0.0034966009763568607,-0.04843763385317353,-0.13520072633214736
-0.0034966009763568607,-0.04843763385317353,-0.13520072633214736
-0.0034966009763568607,-0.04843763385317353,-0.13520072633214736
-0.006822860462969942,-0.056259322195090104,-0.1526344106794042
-0.006822860462969942,-0.056259322195090104,-0.1526344106794042
-0.006822860462969942,-0.056259322195090104,-0.1526344106794042
-0.006822860462969942,-0.056259322195090104,-0.1526344106794042
-0.007012010800400154,-0.05671890523059465,-0.1536184710045188
-0.007012010800400154,-0.05671890523059465,-0.1536184710045188
-0.007012010800400154,-0.05671890523059465,-0.1536184710045188
-0.007012010800400154,-0.05671890523059465,-0.1536184710045188
-0.010714538513341875,-0.0665560368703188,-0.17354275082561843
-0.010714538513341875,-0.0665560368703188,-0.17354275082561843
-0.010714538513341875,-0.0665560368703188,-0.17354275082561843
-0.010714538513341875,-0.0665560368703188,-0.17354275082561843
-0.010895555753436504,-0.0670805623944708,-0.17455144886604232
-0.010895555753436504,-0.0670805623944708,-0.17455144886604232
-0.010895555753436504,-0.0670805623944708,-0.17455144886604232
-0.010895555753436504,-0.0670805623944708,-0.17455144886604232
-0.01413082667856692,-0.07719719891303786,-0.1930460353853329
-0.01413082667856692,-0.07719719891303786,-0.1930460353853329
-0.01413082667856692,-0.07719719891303786,-0.1930460353853329
-0.01413082667856692,-0.07719719891303786,-0.1930460353853329
-0.01413082667856692,-0.07719719891303786,-0.1930460353853329
-0.01413082667856692,-0.07719719891303786,-0.1930460353853329
-0.01431028350540617,-0.07779675367177448,-0.19409267731858187
-0.01431028350540617,-0.07779675367177448,-0.19409267731858187
-0.018129637530570574,-0.08976556652091244,-0.21446699181138967
-0.018129637530570574,-0.08976556652091244,-0.21446699181138967
-0.018129637530570574,-0.08976556652091244,-0.21446699181138967
-0.018129637530570574,-0.08976556652091244,-0.21446699181138967
-0.018351545969484163,-0.09042531709501571,-0.21556443923770804
-0.018351545969484163,-0.09042531709501571,-0.21556443923770804
-0.018351545969484163,-0.09042531709501571,-0.21556443923770804
-0.018351545969484163,-0.09042531709501571,-0.21556443923770804
-0.022392585197453824,-0.10343805680296211,-0.23658202917067503
-0.022392585197453824,-0.10343805680296211,-0.23658202917067503
-0.022392585197453824,-0.10343805680296211,-0.23658202917067503
-0.022392585197453824,-0.10343805680296211,-0.23658202917067503
-0.022392585197453824,-0.10343805680296211,-0.23658202917067503
-0.02259458608471691,-0.10414762343892653,-0.2376962443852432
-0.02259458608471691,-0.10414762343892653,-0.2376962443852432
-0.02279381132191483,-0.1048587833317183,-0.23881044306782098
-0.02600928344096053,-0.11860898794381547,-0.259997233055808
-0.02600928344096053,-0.11860898794381547,-0.259997233055808
-0.02600928344096053,-0.11860898794381547,-0.259997233055808
-0.02600928344096053,-0.11860898794381547,-0.259997233055808
-0.02600928344096053,-0.11860898794381547,-0.259997233055808
-0.02614807494892629,-0.11934509916013379,-0.26111354677672505
-0.02614807494892629,-0.11934509916013379,-0.26111354677672505
-0.02614807494892629,-0.11934509916013379,-0.26111354677672505
-0.02798535451871678,-0.13286558440246254,-0.28131163731188025
-0.028050646183765456,-0.13363198225710116,-0.28243952731121585
-0.028050646183765456,-0.13363198225710116,-0.28243952731121585
-0.028050646183765456,-0.13363198225710116,-0.28243952731121585
-0.028050646183765456,-0.13363198225710116,-0.28243952731121585
-0.028050646183765456,-0.13363198225710116,-0.28243952731121585
-0.028050646183765456,-0.13363198225710116,-0.28243952731121585
-0.02811256241639127,-0.13440023582204422,-0.2835678448349838
-0.028869040881450765,-0.14850793744425445,-0.30394614283588844
-0.028869040881450765,-0.14850793744425445,-0.30394614283588844
-0.0288921149720219,-0.14930659567880533,-0.30508171010508206
-0.0288921149720219,-0.14930659567880533,-0.30508171010508206
-0.0288921149720219,-0.14930659567880533,-0.30508171010508206
-0.0288921149720219,-0.14930659567880533,-0.30508171010508206
-0.0288921149720219,-0.14930659567880533,-0.30508171010508206
-0.0288921149720219,-0.14930659567880533,-0.30508171010508206
-0.02894757147304471,-0.16457039680450664,-0.32638731231206014
-0.02892945247162332,-0.16537828366045665,-0.3274936323306937
-0.02892945247162332,-0.16537828366045665,-0.3274936323306937
-0.02892945247162332,-0.16537828366045665,-0.3274936323306937
-0.02892945247162332,-0.16537828366045665,-0.3274936323306937
-0.02892945247162332,-0.16537828366045665,-0.3274936323306937
-0.02892945247162332,-0.16537828366045665,-0.3274936323306937
-0.02892945247162332,-0.16537828366045665,-0.3274936323306937
-0.02787152805750213,-0.1806229374654865,-0.34805316498240435
-0.02787152805750213,-0.1806229374654865,-0.34805316498240435
-0.02787152805750213,-0.1806229374654865,-0.34805316498240435
-0.02787152805750213,-0.1806229374654865,-0.34805316498240435
-0.02787152805750213,-0.1806229374654865,-0.34805316498240435
-0.02787152805750213,-0.1806229374654865,-0.34805316498240435
-0.02787152805750213,-0.1806229374654865,-0.34805316498240435
-0.02787152805750213,-0.1806229374654865,-0.34805316498240435
-0.025001362181971135,-0.19713370928989543,-0.3700316769501853
-0.025001362181971135,-0.19713370928989543,-0.3700316769501853
-0.025001362181971135,-0.19713370928989543,-0.3700316769501853
-0.025001362181971135,-0.19713370928989543,-0.3700316769501853
-0.025001362181971135,-0.19713370928989543,-0.3700316769501853
-0.025001362181971135,-0.19713370928989543,-0.3700316769501853
-0.025001362181971135,-0.19713370928989543,-0.3700316769501853
-0.025001362181971135,-0.19713370928989543,-0.3700316769501853
-0.020444127229508953,-0.2125263985314033,-0.3904041492425014
-0.02016777702896961,-0.21328949005350567,-0.39140618596256105
-0.02016777702896961,-0.21328949005350567,-0.39140618596256105
-0.02016777702896961,-0.21328949005350567,-0.39140618596256105
-0.02016777702896961,-0.21328949005350567,-0.39140618596256105
-0.02016777702896961,-0.21328949005350567,-0.39140618596256105
-0.02016777702896961,-0.21328949005350567,-0.39140618596256105
-0.02016777702896961,-0.21328949005350567,-0.39140618596256105
-0.013330954795342891,-0.22978852363063934,-0.41286068064473685
-0.013330954795342891,-0.22978852363063934,-0.41286068064473685
-0.013330954795342891,-0.22978852363063934,-0.41286068064473685
-0.013330954795342891,-0.22978852363063934,-0.41286068064473685
-0.01298638456106308,-0.23052525943930452,-0.41380862807420465
-0.01298638456106308,-0.23052525943930452,-0.41380862807420465
-0.01298638456106308,-0.23052525943930452,-0.41380862807420465
-0.01298638456106308,-0.23052525943930452,-0.41380862807420465
-0.00743835688131295,-0.24147544851965627,-0.4277172630446723
-0.007043153710836931,-0.24219879772116348,-0.4286239446190671
-0.007043153710836931,-0.24219879772116348,-0.4286239446190671
-0.007043153710836931,-0.24219879772116348,-0.4286239446190671
-0.007043153710836931,-0.24219879772116348,-0.4286239446190671
-0.0066448330861311605,-0.24292123091801232,-0.4295286200822223
-0.00624343299226824,-0.24364260048347947,-0.43043161459809437
-0.00624343299226824,-0.24364260048347947,-0.43043161459809437
0.0010726748577434269,-0.2557308251340507,-0.44555068137492915
0.001532164387303254,-0.2564315374331288,-0.4464265645930968
0.001532164387303254,-0.2564315374331288,-0.4464265645930968
0.001532164387303254,-0.2564315374331288,-0.4464265645930968
0.001532164387303254,-0.2564315374331288,-0.4464265645930968
0.00199509149686112,-0.25713102708927144,-0.44730112352534984
0.00199509149686112,-0.25713102708927144,-0.44730112352534984
0.00199509149686112,-0.25713102708927144,-0.44730112352534984
0.013544638371325452,-0.2728698194293788,-0.46705718067336555
0.013544638371325452,-0.2728698194293788,-0.46705718067336555
0.013544638371325452,-0.2728698194293788,-0.46705718067336555
0.013544638371325452,-0.2728698194293788,-0.46705718067336555
0.013544638371325452,-0.2728698194293788,-0.46705718067336555
0.013544638371325452,-0.2728698194293788,-0.46705718067336555
0.014085504396787697,-0.27353866932223836,-0.4679004115160543
0.014085504396787697,-0.27353866932223836,-0.4679004115160543
0.022468427133620034,-0.28332760846174265,-0.4803142455161544
0.02304520654779481,-0.28396363285216186,-0.4811257623589104
0.02304520654779481,-0.28396363285216186,-0.4811257623589104
0.02304520654779481,-0.28396363285216186,-0.4811257623589104
0.02304520654779481,-0.28396363285216186,-0.4811257623589104
0.02304520654779481,-0.28396363285216186,-0.4811257623589104
0.02304520654779481,-0.28396363285216186,-0.4811257623589104
0.02304520654779481,-0.28396363285216186,-0.4811257623589104
0.034565439121920505,-0.2955152843044737,-0.49589690107294054
0.034565439121920505,-0.2955152843044737,-0.49589690107294054
0.03520159309319107,-0.2960950835435308,-0.49663981365339344
0.03520159309319107,-0.2960950835435308,-0.49663981365339344
0.03520159309319107,-0.2960950835435308,-0.49663981365339344
0.03520159309319107,-0.2960950835435308,-0.49663981365339344
0.03520159309319107,-0.2960950835435308,-0.49663981365339344
0.03520159309319107,-0.2960950835435308,-0.49663981365339344
0.047642512056370004,-0.306613993107433,-0.510256558758809
0.047642512056370004,-0.306613993107433,-0.510256558758809
0.047642512056370004,-0.306613993107433,-0.510256558758809
0.047642512056370004,-0.306613993107433,-0.510256558758809
0.047642512056370004,-0.306613993107433,-0.510256558758809
0.048314743904967455,-0.30714143543125383,-0.5109471389303862
0.048314743904967455,-0.30714143543125383,-0.5109471389303862
0.048314743904967455,-0.30714143543125383,-0.5109471389303862
0.0651388496274821,-0.3193613345136288,-0.5271379192405204
0.0651388496274821,-0.3193613345136288,-0.5271379192405204
0.0651388496274821,-0.3193613345136288,-0.5271379192405204
0.0651388496274821,-0.3193613345136288,-0.5271379192405204
0.0651388496274821,-0.3193613345136288,-0.5271379192405204
0.06581214773342257,-0.3198104527490658,-0.5277419446387447
0.06581214773342257,-0.3198104527490658,-0.5277419446387447
0.06581214773342257,-0.3198104527490658,-0.5277419446387447
0.07453987440023734,-0.32517583607456985,-0.5351873509999316
0.07453987440023734,-0.32517583607456985,-0.5351873509999316
0.07453987440023734,-0.32517583607456985,-0.5351873509999316
0.07453987440023734,-0.32517583607456985,-0.5351873509999316
0.07520951647042595,-0.32555133797714064,-0.5357283393108613
0.07520951647042595,-0.32555133797714064,-0.5357283393108613
0.07520951647042595,-0.32555133797714064,-0.5357283393108613
0.07520951647042595,-0.32555133797714064,-0.5357283393108613
0.0899793090756954,-0.33211922774625907,-0.546325914872405
0.0899793090756954,-0.33211922774625907,-0.546325914872405
0.0899793090756954,-0.33211922774625907,-0.546325914872405
0.09065258206372373,-0.33234056314107036,-0.5467483306816219
0.09065258206372373,-0.33234056314107036,-0.5467483306816219
0.09065258206372373,-0.33234056314107036,-0.5467483306816219
0.09065258206372373,-0.33234056314107036,-0.5467483306816219
0.09065258206372373,-0.33234056314107036,-0.5467483306816219
0.10145282039760851,-0.3349312700591374,-0.5528210905457677
0.10145282039760851,-0.3349312700591374,-0.5528210905457677
0.10145282039760851,-0.3349312700591374,-0.5528210905457677
0.10145282039760851,-0.3349312700591374,-0.5528210905457677
0.10212934476930881,-0.3350337180985127,-0.553157901878431
0.10212934476930881,-0.3350337180985127,-0.553157901878431
0.10212934476930881,-0.3350337180985127,-0.553157901878431
0.10212934476930881,-0.3350337180985127,-0.553157901878431
0.11498055199058455,-0.3356435969215536,-0.5586141114573746
0.11498055199058455,-0.3356435969215536,-0.5586141114573746
0.11498055199058455,-0.3356435969215536,-0.5586141114573746
0.11498055199058455,-0.3356435969215536,-0.5586141114573746
0.11498055199058455,-0.3356435969215536,-0.5586141114573746
0.11498055199058455,-0.3356435969215536,-0.5586141114573746
0.11498055199058455,-0.3356435969215536,-0.5586141114573746
0.11498055199058455,-0.3356435969215536,-0.5586141114573746
0.13046112746229868,-0.33302131638663063,-0.5627918993169764
0.13046112746229868,-0.33302131638663063,-0.5627918993169764
0.13113085672906613,-0.33282481524221663,-0.562912779639542
0.13113085672906613,-0.33282481524221663,-0.562912779639542
0.13113085672906613,-0.33282481524221663,-0.562912779639542
0.13113085672906613,-0.33282481524221663,-0.562912779639542
0.13113085672906613,-0.33282481524221663,-0.562912779639542
0.13113085672906613,-0.33282481524221663,-0.562912779639542
0.14173883574970927,-0.328867726137136,-0.5642256204673071
0.14173883574970927,-0.328867726137136,-0.5642256204673071
0.14173883574970927,-0.328867726137136,-0.5642256204673071
0.14239435289562785,-0.32857020317506436,-0.5642690321201884
0.14239435289562785,-0.32857020317506436,-0.5642690321201884
0.14239435289562785,-0.32857020317506436,-0.5642690321201884
0.14239435289562785,-0.32857020317506436,-0.5642690321201884
0.14239435289562785,-0.32857020317506436,-0.5642690321201884
0.15443390121783454,-0.32199777881325575,-0.5642127547413014
0.15443390121783454,-0.32199777881325575,-0.5642127547413014
0.15504511802854964,-0.3216038441719377,-0.5641634897257719
0.15504511802854964,-0.3216038441719377,-0.5641634897257719
0.15504511802854964,-0.3216038441719377,-0.5641634897257719
0.15504511802854964,-0.3216038441719377,-0.5641634897257719
0.15504511802854964,-0.3216038441719377,-0.5641634897257719
0.15504511802854964,-0.3216038441719377,-0.5641634897257719
0.16817445940112544,-0.3114294958827367,-0.5618380072965746
0.16817445940112544,-0.3114294958827367,-0.5618380072965746
0.16870465034704302,-0.3109393431347462,-0.5616852179016636
0.16870465034704302,-0.3109393431347462,-0.5616852179016636
0.16870465034704302,-0.3109393431347462,-0.5616852179016636
0.16870465034704302,-0.3109393431347462,-0.5616852179016636
0.16870465034704302,-0.3109393431347462,-0.5616852179016636
0.16870465034704302,-0.3109393431347462,-0.5616852179016636
0.17624248667572717,-0.3033371091776785,-0.5590035341015857
0.17624248667572717,-0.3033371091776785,-0.5590035341015857
0.17624248667572717,-0.3033371091776785,-0.5590035341015857
0.17624248667572717,-0.3033371091776785,-0.5590035341015857
0.17624248667572717,-0.3033371091776785,-0.5590035341015857
0.17624248667572717,-0.3033371091776785,-0.5590035341015857
0.17624248667572717,-0.3033371091776785,-0.5590035341015857
0.17624248667572717,-0.3033371091776785,-0.5590035341015857
0.18523143478734455,-0.2929064469550514,-0.5547540503911054
0.18523143478734455,-0.2929064469550514,-0.5547540503911054
0.18523143478734455,-0.2929064469550514,-0.5547540503911054
0.18523143478734455,-0.2929064469550514,-0.5547540503911054
0.18523143478734455,-0.2929064469550514,-0.5547540503911054
0.18523143478734455,-0.2929064469550514,-0.5547540503911054
0.18523143478734455,-0.2929064469550514,-0.5547540503911054
0.18523143478734455,-0.2929064469550514,-0.5547540503911054
0.19500981548302387,-0.2799695875623726,-0.5491382955400087
0.19536861469622235,-0.2794559835319549,-0.5489111375086325
0.19536861469622235,-0.2794559835319549,-0.5489111375086325
0.19536861469622235,-0.2794559835319549,-0.5489111375086325
0.1957248713240826,-0.27894263813116943,-0.5486838327168975
0.19642952380848777,-0.27791654237360286,-0.5482288492546996
0.19642952380848777,-0.27791654237360286,-0.5482288492546996
0.19642952380848777,-0.27791654237360286,-0.5482288492546996
0.20074519272882113,-0.2712779310934692,-0.5452599094982221
0.2010580202507758,-0.27076973963269046,-0.5450307368031584
0.2010580202507758,-0.27076973963269046,-0.5450307368031584
0.2010580202507758,-0.27076973963269046,-0.5450307368031584
0.2010580202507758,-0.27076973963269046,-0.5450307368031584
0.2010580202507758,-0.27076973963269046,-0.5450307368031584
0.2010580202507758,-0.27076973963269046,-0.5450307368031584
0.20136787218730678,-0.270262320640712,-0.5448016334682915
0.2058895434165502,-0.2623121540351239,-0.5411885622318361
0.2058895434165502,-0.2623121540351239,-0.5411885622318361
0.20614477521590005,-0.26182616364323835,-0.5409661939397945
0.20614477521590005,-0.26182616364323835,-0.5409661939397945
0.20614477521590005,-0.26182616364323835,-0.5409661939397945
0.20614477521590005,-0.26182616364323835,-0.5409661939397945
0.20614477521590005,-0.26182616364323835,-0.5409661939397945
0.20614477521590005,-0.26182616364323835,-0.5409661939397945
0.21163625986726514,-0.25001830442169937,-0.5355619363659527
0.21163625986726514,-0.25001830442169937,-0.5355619363659527
0.21163625986726514,-0.25001830442169937,-0.5355619363659527
0.21163625986726514,-0.25001830442169937,-0.5355619363659527
0.21180346183632842,-0.24959657642460892,-0.535369067577202
0.21180346183632842,-0.24959657642460892,-0.535369067577202
0.21180346183632842,-0.24959657642460892,-0.535369067577202
0.21180346183632842,-0.24959657642460892,-0.535369067577202
0.21355563632387853,-0.24477121317689804,-0.533177020932025
0.21355563632387853,-0.24477121317689804,-0.533177020932025
0.21355563632387853,-0.24477121317689804,-0.533177020932025
0.21355563632387853,-0.24477121317689804,-0.533177020932025
0.21355563632387853,-0.24477121317689804,-0.533177020932025
0.21355563632387853,-0.24477121317689804,-0.533177020932025
0.21355563632387853,-0.24477121317689804,-0.533177020932025
0.21355563632387853,-0.24477121317689804,-0.533177020932025
0.215542826909988,-0.2375146233784524,-0.530011150752463
0.215542826909988,-0.2375146233784524,-0.530011150752463
0.2157170855933839,-0.23661030381019144,-0.5296374667266636
0.2157170855933839,-0.23661030381019144,-0.5296374667266636
0.2157170855933839,-0.23661030381019144,-0.5296374667266636
0.21576891972590734,-0.23631644752748643,-0.5295178934328707
0.21576891972590734,-0.23631644752748643,-0.5295178934328707
0.21576891972590734,-0.23631644752748643,-0.5295178934328707
0.2161611223629364,-0.23210136302677314,-0.5279331706455991
0.2161582807148362,-0.23186823607107404,-0.5278545710523898
0.21615222917316326,-0.23163857592156645,-0.5277782717780827
0.21614300138939552,-0.23141230011023772,-0.527704228901923
0.21614300138939552,-0.23141230011023772,-0.527704228901923
0.21614300138939552,-0.23141230011023772,-0.527704228901923
0.21614300138939552,-0.23141230011023772,-0.527704228901923
0.21614300138939552,-0.23141230011023772,-0.527704228901923
0.21556338047861695,-0.2282404210458522,-0.5268233392016481
0.21556338047861695,-0.2282404210458522,-0.5268233392016481
0.21556338047861695,-0.2282404210458522,-0.5268233392016481
0.21556338047861695,-0.2282404210458522,-0.5268233392016481
0.21556338047861695,-0.2282404210458522,-0.5268233392016481
0.21556338047861695,-0.2282404210458522,-0.5268233392016481
0.21550013430466441,-0.22807041138830558,-0.5267873778526051
0.21550013430466441,-0.22807041138830558,-0.5267873778526051
0.21367920960943043,-0.22557668995488464,-0.5266015550511772
0.21367920960943043,-0.22557668995488464,-0.5266015550511772
0.21367920960943043,-0.22557668995488464,-0.5266015550511772
0.21367920960943043,-0.22557668995488464,-0.5266015550511772
0.21355058758728965,-0.22548425152593876,-0.5266182467118312
0.21355058758728965,-0.22548425152593876,-0.5266182467118312
0.2131432015334298,-0.22522995346952962,-0.526686584722225
0.2130002352100544,-0.22515285766915663,-0.5267154572770578
0.2102227031123706,-0.22442652984744088,-0.5275979436310023
0.2102227031123706,-0.22442652984744088,-0.5275979436310023
0.21001850836324032,-0.2244125541041295,-0.5276792840219321
0.21001850836324032,-0.2244125541041295,-0.5276792840219321
0.21001850836324032,-0.2244125541041295,-0.5276792840219321
0.21001850836324032,-0.2244125541041295,-0.5276792840219321
0.21001850836324032,-0.2244125541041295,-0.5276792840219321
0.21001850836324032,-0.2244125541041295,-0.5276792840219321
0.20551653273628176,-0.2246567725021777,-0.5297128124029777
0.20551653273628176,-0.2246567725021777,-0.5297128124029777
0.20551653273628176,-0.2246567725021777,-0.5297128124029777
0.20551653273628176,-0.2246567725021777,-0.5297128124029777
0.20551653273628176,-0.2246567725021777,-0.5297128124029777
0.20551653273628176,-0.2246567725021777,-0.5297128124029777
0.20551653273628176,-0.2246567725021777,-0.5297128124029777
0.20551653273628176,-0.2246567725021777,-0.5297128124029777
0.199602860619753,-0.22574581568512136,-0.5326986696882551
0.19927807099597625,-0.22581744551874722,-0.5328668151643569
0.19927807099597625,-0.22581744551874722,-0.5328668151643569
0.19927807099597625,-0.22581744551874722,-0.5328668151643569
0.19927807099597625,-0.22581744551874722,-0.5328668151643569
0.19927807099597625,-0.22581744551874722,-0.5328668151643569
0.19927807099597625,-0.22581744551874722,-0.5328668151643569
0.19927807099597625,-0.22581744551874722,-0.5328668151643569
0.19304489495992072,-0.22728668424385456,-0.5361456330994021
0.1926774947552469,-0.22737799557088476,-0.5363416109192808
0.1926774947552469,-0.22737799557088476,-0.5363416109192808
0.1926774947552469,-0.22737799557088476,-0.5363416109192808
0.1926774947552469,-0.22737799557088476,-0.5363416109192808
0.1926774947552469,-0.22737799557088476,-0.5363416109192808
0.19230829083394857,-0.2274699976272024,-0.53653859224473
0.19230829083394857,-0.2274699976272024,-0.53653859224473
0.1854037202918167,-0.22919695116692576,-0.5401913528098136
0.1850058731840909,-0.22929680023213372,-0.5404001817905281
0.1850058731840909,-0.22929680023213372,-0.5404001817905281
0.1850058731840909,-0.22929680023213372,-0.5404001817905281
0.1850058731840909,-0.22929680023213372,-0.5404001817905281
0.1846064705038187,-0.22939685110947736,-0.5406093778374297
0.18380257727345561,-0.22959700028041063,-0.5410282133412823
0.18339808650726028,-0.22969709750077286,-0.5412378504024309
0.17710219170868674,-0.2311822851760063,-0.5443799639687847
0.17710219170868674,-0.2311822851760063,-0.5443799639687847
0.17710219170868674,-0.2311822851760063,-0.5443799639687847
0.17710219170868674,-0.2311822851760063,-0.5443799639687847
0.17710219170868674,-0.2311822851760063,-0.5443799639687847
0.17710219170868674,-0.2311822851760063,-0.5443799639687847
0.17710219170868674,-0.2311822851760063,-0.5443799639687847
0.17710219170868674,-0.2311822851760063,-0.5443799639687847
0.16738085406627634,-0.2329938548467716,-0.5485284145663032
0.16738085406627634,-0.2329938548467716,-0.5485284145663032
0.16639179975063684,-0.23313959856786806,-0.5488964092324929
0.16589311919435307,-0.2332097073557336,-0.5490774368099269
0.16589311919435307,-0.2332097073557336,-0.5490774368099269
0.16589311919435307,-0.2332097073557336,-0.5490774368099269
0.16589311919435307,-0.2332097073557336,-0.5490774368099269
0.16589311919435307,-0.2332097073557336,-0.5490774368099269
0.15484538747614732,-0.23412806947608672,-0.5522738554976205
0.15429228279670854,-0.23414504645301937,-0.5523967999000652
0.15429228279670854,-0.23414504645301937,-0.5523967999000652
0.15429228279670854,-0.23414504645301937,-0.5523967999000652
0.1537375709298792,-0.23415896275949805,-0.5525163019601506
0.1537375709298792,-0.23415896275949805,-0.5525163019601506
0.1537375709298792,-0.23415896275949805,-0.5525163019601506
0.1537375709298792,-0.23415896275949805,-0.5525163019601506
0.14531585992716925,-0.23394489890460218,-0.5538308538888893
0.14531585992716925,-0.23394489890460218,-0.5538308538888893
0.14531585992716925,-0.23394489890460218,-0.5538308538888893
0.14531585992716925,-0.23394489890460218,-0.5538308538888893
0.14474834986314014,-0.23390187187216116,-0.5538865648886322
0.14474834986314014,-0.23390187187216116,-0.5538865648886322
0.14418093272770147,-0.23385438693705216,-0.5539384050243663
0.14418093272770147,-0.23385438693705216,-0.5539384050243663
0.13458472603327695,-0.23237231756146665,-0.5542366618945473
0.13458472603327695,-0.23237231756146665,-0.5542366618945473
0.13458472603327695,-0.23237231756146665,-0.5542366618945473
0.13458472603327695,-0.23237231756146665,-0.5542366618945473
0.13458472603327695,-0.23237231756146665,-0.5542366618945473
0.13458472603327695,-0.23237231756146665,-0.5542366618945473
0.13458472603327695,-0.23237231756146665,-0.5542366618945473
0.13458472603327695,-0.23237231756146665,-0.5542366618945473
0.12285656466765975,-0.22888402424173876,-0.5531160995582616
0.12285656466765975,-0.22888402424173876,-0.5531160995582616
0.12285656466765975,-0.22888402424173876,-0.5531160995582616
0.12285656466765975,-0.22888402424173876,-0.5531160995582616
0.12285656466765975,-0.22888402424173876,-0.5531160995582616
0.12285656466765975,-0.22888402424173876,-0.5531160995582616
0.12285656466765975,-0.22888402424173876,-0.5531160995582616
0.12230123614576258,-0.228674563893196,-0.5530223377683818
0.11286897080671454,-0.2245359186175514,-0.5508648756693132
0.11231461216024434,-0.22425848150585223,-0.5507048514841161
0.11231461216024434,-0.22425848150585223,-0.5507048514841161
0.11231461216024434,-0.22425848150585223,-0.5507048514841161
0.11231461216024434,-0.22425848150585223,-0.5507048514841161
0.11176041695499658,-0.2239772359003166,-0.5505412984497188
0.11176041695499658,-0.2239772359003166,-0.5505412984497188
0.1106529368347247,-0.22340322297336684,-0.5502039673550566
0.10185705351009412,-0.21825076366848495,-0.5470232468766314
0.10131130194101608,-0.21789557417687824,-0.5467960624097549
0.10131130194101608,-0.21789557417687824,-0.5467960624097549
0.10131130194101608,-0.21789557417687824,-0.5467960624097549
0.10131130194101608,-0.21789557417687824,-0.5467960624097549
0.10131130194101608,-0.21789557417687824,-0.5467960624097549
0.10131130194101608,-0.21789557417687824,-0.5467960624097549
0.10131130194101608,-0.21789557417687824,-0.5467960624097549
0.09006972267774657,-0.2094864092692852,-0.5412075810940302
0.09006972267774657,-0.2094864092692852,-0.5412075810940302
0.08954498300692486,-0.20904056801233714,-0.5409023638517833
0.08954498300692486,-0.20904056801233714,-0.5409023638517833
0.08954498300692486,-0.20904056801233714,-0.5409023638517833
0.08902117246551103,-0.20859044487082662,-0.5405934086754098
0.08902117246551103,-0.20859044487082662,-0.5405934086754098
0.08902117246551103,-0.20859044487082662,-0.5405934086754098
0.0802799168901217,-0.20029282847383903,-0.5347458411634785
0.0802799168901217,-0.20029282847383903,-0.5347458411634785
0.07977557241908485,-0.19976696789601048,-0.5343667739492132
0.07977557241908485,-0.19976696789601048,-0.5343667739492132
0.07927269709441108,-0.19923743777721292,-0.5339836997095772
0.07827154407820797,-0.19816803787883835,-0.533205347448819
0.07727656368785023,-0.19708490145210422,-0.5324106975411116
0.07727656368785023,-0.19708490145210422,-0.5324106975411116
0.07001393239275329,-0.18854051128095564,-0.525947017401389
0.06954232399149472,-0.18794466583224398,-0.5254846965112083
0.06954232399149472,-0.18794466583224398,-0.5254846965112083
0.06954232399149472,-0.18794466583224398,-0.5254846965112083
0.0690722175842509,-0.18734578396741014,-0.5250187264939086
0.0690722175842509,-0.18734578396741014,-0.5250187264939086
0.0690722175842509,-0.18734578396741014,-0.5250187264939086
0.0690722175842509,-0.18734578396741014,-0.5250187264939086
0.06128336062089709,-0.17674142160261974,-0.5165726403459899
0.0608370359399016,-0.17609282309199153,-0.5160450153523192
0.0608370359399016,-0.17609282309199153,-0.5160450153523192
0.06039185673962645,-0.17544154421154795,-0.5155140551564695
0.06039185673962645,-0.17544154421154795,-0.5155140551564695
0.0599477791376623,-0.1747876367390565,-0.514979789914913
0.0599477791376623,-0.1747876367390565,-0.514979789914913
0.0599477791376623,-0.1747876367390565,-0.514979789914913
0.050900745905407115,-0.16051101596382528,-0.5029380707407782
0.050900745905407115,-0.16051101596382528,-0.5029380707407782
0.050900745905407115,-0.16051101596382528,-0.5029380707407782
0.05048339833239914,-0.15980554019799148,-0.5023254314309654
0.05048339833239914,-0.15980554019799148,-0.5023254314309654
0.049653346713694174,-0.1583886138919284,-0.5010897615007196
0.049653346713694174,-0.1583886138919284,-0.5010897615007196
0.049653346713694174,-0.1583886138919284,-0.5010897615007196
0.044032118387420834,-0.14827789394573182,-0.49206263403680794
0.043643441465787206,-0.14754326591810485,-0.4913927505325779
0.043643441465787206,-0.14754326591810485,-0.4913927505325779
0.04248776153184677,-0.14533338299948784,-0.4893663148716548
0.04248776153184677,-0.14533338299948784,-0.4893663148716548
0.04248776153184677,-0.14533338299948784,-0.4893663148716548
0.042105969258159896,-0.14459502660735515,-0.4886855079288381
0.042105969258159896,-0.14459502660735515,-0.4886855079288381
0.036588977153854355,-0.13343500327486324,-0.4781823612483917
0.036588977153854355,-0.13343500327486324,-0.4781823612483917
0.036235210452143736,-0.13268563306194986,-0.47746305217220536
0.036235210452143736,-0.13268563306194986,-0.47746305217220536
0.036235210452143736,-0.13268563306194986,-0.47746305217220536
0.035883291826783716,-0.1319361102706164,-0.4767417973704424
0.035883291826783716,-0.1319361102706164,-0.4767417973704424
0.035883291826783716,-0.1319361102706164,-0.4767417973704424
0.02986877417994221,-0.11845551075646638,-0.4634734576310627
0.02986877417994221,-0.11845551075646638,-0.4634734576310627
0.029552463359999358,-0.1177073750140045,-0.4627207032971815
0.029552463359999358,-0.1177073750140045,-0.4627207032971815
0.029552463359999358,-0.1177073750140045,-0.4627207032971815
0.02923807146190123,-0.11695963584076507,-0.4619666411634907
0.02923807146190123,-0.11695963584076507,-0.4619666411634907
0.02923807146190123,-0.11695963584076507,-0.4619666411634907
0.023318879225047953,-0.10211476507529663,-0.4466403087173102
0.022490894273923832,-0.0999061679220915,-0.4443015864908045
0.022218136039331315,-0.09917099773436089,-0.4435198422224659
0.022218136039331315,-0.09917099773436089,-0.4435198422224659
0.021677242950958412,-0.0977023192451759,-0.44195325948868236
0.021677242950958412,-0.0977023192451759,-0.44195325948868236
0.02087753640621392,-0.09550375495179411,-0.43959588365786606
0.020352182855429248,-0.094041074698127,-0.43801937954968284
0.018318540570765117,-0.08822268976953784,-0.43168107178565995
0.018318540570765117,-0.08822268976953784,-0.43168107178565995
0.018072202299787312,-0.08749934524176325,-0.4308854803656842
0.018072202299787312,-0.08749934524176325,-0.4308854803656842
0.018072202299787312,-0.08749934524176325,-0.4308854803656842
0.017827778070465778,-0.0867770248788611,-0.43008952002467316
0.017827778070465778,-0.0867770248788611,-0.43008952002467316
0.017827778070465778,-0.0867770248788611,-0.43008952002467316
0.013979156973775563,-0.0746401557505799,-0.416556811624889
0.013979156973775563,-0.0746401557505799,-0.416556811624889
0.013979156973775563,-0.0746401557505799,-0.416556811624889
0.013770941359043944,-0.07393468169575503,-0.4157608295305003
0.013770941359043944,-0.07393468169575503,-0.4157608295305003
0.013770941359043944,-0.07393468169575503,-0.4157608295305003
0.013564920961814582,-0.07323035479759181,-0.4149649009833201
0.013564920961814582,-0.07323035479759181,-0.4149649009833201
0.010400004201021232,-0.061445482310211866,-0.401448889093407
0.010233634566878173,-0.06076344341002325,-0.4006547737904434
0.010233634566878173,-0.06076344341002325,-0.4006547737904434
0.010233634566878173,-0.06076344341002325,-0.4006547737904434
0.010069185223232953,-0.060082742443961556,-0.3998610453398614
0.010069185223232953,-0.060082742443961556,-0.3998610453398614
0.010069185223232953,-0.060082742443961556,-0.3998610453398614
0.010069185223232953,-0.060082742443961556,-0.3998610453398614
0.007245248693594831,-0.04741485728203758,-0.38491765590627997
0.007245248693594831,-0.04741485728203758,-0.38491765590627997
0.007245248693594831,-0.04741485728203758,-0.38491765590627997
0.007112244796664881,-0.04676230830000193,-0.38413869861540045
0.007112244796664881,-0.04676230830000193,-0.38413869861540045
0.007112244796664881,-0.04676230830000193,-0.38413869861540045
0.006980576056844186,-0.046111521947197504,-0.3833609186074193
0.006980576056844186,-0.046111521947197504,-0.3833609186074193
0.004933565334974086,-0.03531793114366717,-0.37032982727856134
0.004824372858893014,-0.034698891761618944,-0.36957452228307186
0.004824372858893014,-0.034698891761618944,-0.36957452228307186
0.004824372858893014,-0.034698891761618944,-0.36957452228307186
0.004716348984786609,-0.03408159796271569,-0.3688203257273249
0.004716348984786609,-0.03408159796271569,-0.3688203257273249
0.004503534434849449,-0.03285215114332561,-0.3673151251408278
0.004503534434849449,-0.03285215114332561,-0.3673151251408278
0.0028652712995514513,-0.022660581875668037,-0.35467427294823284
0.0027784143730561588,-0.022075387916163078,-0.3539390604983675
0.0027784143730561588,-0.022075387916163078,-0.3539390604983675
0.002692794270142145,-0.02149185139271159,-0.3532047729096525
0.002692794270142145,-0.02149185139271159,-0.3532047729096525
0.002692794270142145,-0.02149185139271159,-0.3532047729096525
0.002692794270142145,-0.02149185139271159,-0.3532047729096525
0.0026085471761515926,-0.020910016777104315,-0.3524715234962409
0.0013892073758079101,-0.01127796174539103,-0.3402018373451735
0.0013892073758079101,-0.01127796174539103,-0.3402018373451735
0.001330020968786364,-0.010726586175406755,-0.3394918799655148
0.001330020968786364,-0.010726586175406755,-0.3394918799655148
0.001330020968786364,-0.010726586175406755,-0.3394918799655148
0.0012721963817666432,-0.010176837112726558,-0.3387836206597706
0.0012721963817666432,-0.010176837112726558,-0.3387836206597706
0.0012721963817666432,-0.010176837112726558,-0.3387836206597706
4.5579137281253105E-4,-5.669773351004576E-4,-0.32634967805896686
4.2291986671656593E-4,-4.9023231949316126E-5,-0.32567646025520147
4.2291986671656593E-4,-4.9023231949316126E-5,-0.32567646025520147
3.914333754336454E-4,4.671032296953148E-4,-0.32500517856860117
3.914333754336454E-4,4.671032296953148E-4,-0.32500517856860117
3.914333754336454E-4,4.671032296953148E-4,-0.32500517856860117
3.914333754336454E-4,4.671032296953148E-4,-0.32500517856860117
3.613473578149434E-4,9.81331444272121E-4,-0.32433590018371933
5.1144197611941605E-5,0.009429752375593445,-0.3132661061485611
4.462595762045609E-5,0.009909474034415819,-0.3126330564545917
4.462595762045609E-5,0.009909474034415819,-0.3126330564545917
3.916695631965344E-5,0.010387468285314644,-0.31200206539882525
3.916695631965344E-5,0.010387468285314644,-0.31200206539882525
3.916695631965344E-5,0.010387468285314644,-0.31200206539882525
3.464703430456359E-5,0.01086386428988216,-0.31137317396838415
3.104658756285868E-5,0.011338683283381668,-0.3107464069243031
1.2547407697695312E-4,0.019166069397121857,-0.30042054068773644
1.4028845118265896E-4,0.019612051586845897,-0.2998324890124202
1.4028845118265896E-4,0.019612051586845897,-0.2998324890124202
1.5611866703721573E-4,0.020056298992694344,-0.2992465349366899
1.5611866703721573E-4,0.020056298992694344,-0.2992465349366899
1.7284545781489117E-4,0.02049879392095967,-0.29866268032128596
1.7284545781489117E-4,0.02049879392095967,-0.29866268032128596
1.7284545781489117E-4,0.02049879392095967,-0.29866268032128596
6.540240459837084E-4,0.02898417364364643,-0.2874396494116762
6.852209025680135E-4,0.029390199944886092,-0.2869012550140487
6.852209025680135E-4,0.029390199944886092,-0.2869012550140487
6.852209025680135E-4,0.029390199944886092,-0.2869012550140487
7.167274269737425E-4,0.02979442705366739,-0.28636510292788414
7.48350163256399E-4,0.03019683772386801,-0.28583121982285803
8.11901992986099E-4,0.030996249224483532,-0.28477029400500475
8.11901992986099E-4,0.030996249224483532,-0.28477029400500475
0.0011675553133556507,0.03526914207506483,-0.2790956349626424
0.0011675553133556507,0.03526914207506483,-0.2790956349626424
0.0012003818899535014,0.03564731450926435,-0.2785932613134684
0.0012662548817557785,0.036398752094967776,-0.2775958253577467
0.0012662548817557785,0.036398752094967776,-0.2775958253577467
0.0012662548817557785,0.036398752094967776,-0.2775958253577467
0.0012992876036867402,0.036772025852307946,-0.27710079935858795
0.0013654745428958587,0.03751378564638774,-0.2761181999316769
0.001832846491157311,0.042526439226427515,-0.2695291531765031
0.001832846491157311,0.042526439226427515,-0.2695291531765031
0.001832846491157311,0.042526439226427515,-0.2695291531765031
0.001866689783915204,0.04287242093574595,-0.2690781685637037
0.001866689783915204,0.04287242093574595,-0.2690781685637037
0.001866689783915204,0.04287242093574595,-0.2690781685637037
0.0019009372676407777,0.043216779078813716,-0.268630188038511
0.0019009372676407777,0.043216779078813716,-0.268630188038511
0.0025923654300141867,0.04915257861449296,-0.2611049770906168
0.0025923654300141867,0.04915257861449296,-0.2611049770906168
0.002634951346456817,0.049467847315561725,-0.2607169298362971
0.002677911482211481,0.04978173604498888,-0.26033209965874726
0.0027212069093131893,0.05009428600053836,-0.2599504757371751
0.002808779113982497,0.05071542269523521,-0.25919687119709783
0.0028530484259413416,0.051024024020010106,-0.2588248973011056
0.002942521709306868,0.05163734825535318,-0.2580906318544157
0.003479245680669689,0.05521683229429669,-0.25395093734503776
0.0035236261752898588,0.0555075144687452,-0.25362640875450104
0.0035236261752898588,0.0555075144687452,-0.25362640875450104
0.0035236261752898588,0.0555075144687452,-0.25362640875450104
0.003567950268887059,0.055797179357389634,-0.2533047958759398
0.003567950268887059,0.055797179357389634,-0.2533047958759398
0.003567950268887059,0.055797179357389634,-0.2533047958759398
0.003567950268887059,0.055797179357389634,-0.2533047958759398
0.004509205012662695,0.06141048899241787,-0.24746374383521585
0.004509205012662695,0.06141048899241787,-0.24746374383521585
0.004509205012662695,0.06141048899241787,-0.24746374383521585
0.004559162087352204,0.06168228380721476,-0.24720113458879694
0.004559162087352204,0.06168228380721476,-0.24720113458879694
0.004559162087352204,0.06168228380721476,-0.24720113458879694
0.004559162087352204,0.06168228380721476,-0.24720113458879694
0.0046093662156004135,0.061953367561332046,-0.24694109368257494
0.00540343682236277,0.06619452425661088,-0.24311760000354993
0.00540343682236277,0.06619452425661088,-0.24311760000354993
0.005452328772856525,0.06645357364995617,-0.2428996503915568
0.005452328772856525,0.06645357364995617,-0.2428996503915568
0.0055011347645204925,0.06671186428471045,-0.24268418657634258
0.0055011347645204925,0.06671186428471045,-0.24268418657634258
0.0055011347645204925,0.06671186428471045,-0.24268418657634258
0.0055011347645204925,0.06671186428471045,-0.24268418657634258
0.006364633468069433,0.07121692556786453,-0.23923712604947348
0.006364633468069433,0.07121692556786453,-0.23923712604947348
0.006411567577712492,0.07145913239762587,-0.2390695560936114
0.006411567577712492,0.07145913239762587,-0.2390695560936114
0.006411567577712492,0.07145913239762587,-0.2390695560936114
0.006411567577712492,0.07145913239762587,-0.2390695560936114
0.006457947672078291,0.07170037893863149,-0.23890445625475867
0.006457947672078291,0.07170037893863149,-0.23890445625475867
0.007169401382039558,0.07586704658330552,-0.23635709839411334
0.00720200496886787,0.0760887407246403,-0.2362391832604492
0.00720200496886787,0.0760887407246403,-0.2362391832604492
0.00720200496886787,0.0760887407246403,-0.2362391832604492
0.0072339034342427415,0.07630941374694494,-0.23612380544357717
0.0072339034342427415,0.07630941374694494,-0.23612380544357717
0.0072339034342427415,0.07630941374694494,-0.23612380544357717
0.0072339034342427415,0.07630941374694494,-0.23612380544357717
0.007711796351297404,0.08013423151558459,-0.2344715480952257
0.007711796351297404,0.08013423151558459,-0.2344715480952257
0.0077332867065983205,0.08033868126685763,-0.234403251110383
0.0077332867065983205,0.08033868126685763,-0.234403251110383
0.0077332867065983205,0.08033868126685763,-0.234403251110383
0.0077546942420433675,0.08054241535543348,-0.2343372878618627
0.0077972634430639644,0.08094776388243433,-0.23421230248054145
0.0077972634430639644,0.08094776388243433,-0.23421230248054145
0.008144777516109949,0.08429096163199218,-0.23353890247243547
0.008164580354201409,0.08448222881898276,-0.23352110005933305
0.008164580354201409,0.08448222881898276,-0.23352110005933305
0.008184650511578823,0.08467333933557669,-0.23350573143568007
0.008184650511578823,0.08467333933557669,-0.23350573143568007
0.008184650511578823,0.08467333933557669,-0.23350573143568007
0.008205012495287253,0.08486430515729816,-0.23349274541197557
0.008205012495287253,0.08486430515729816,-0.23349274541197557
0.008568182041929998,0.08790157753668015,-0.23360864672267279
0.00859317206650124,0.08809027114387703,-0.23363612234994338
0.00859317206650124,0.08809027114387703,-0.23363612234994338
0.008618218873060269,0.08827883227839028,-0.2336658333562274
0.008618218873060269,0.08827883227839028,-0.2336658333562274
0.008618218873060269,0.08827883227839028,-0.2336658333562274
0.008643176422455765,0.088467269478601,-0.23369762848236564
0.008668045487871975,0.08865558859890592,-0.23373150810601392
0.009055753151670056,0.09161152426203374,-0.23454306000819997
0.009079360611815959,0.09179250456158858,-0.23461045441596118
0.009275313601280038,0.09339343973273265,-0.23529094799184752
0.009294995194418499,0.09356809957652437,-0.23537466641567734
0.009294995194418499,0.09356809957652437,-0.23537466641567734
0.009314101789841538,0.09374201334274897,-0.23545991443676637
0.009314101789841538,0.09374201334274897,-0.23545991443676637
0.009332632146827965,0.09391518562166096,-0.23554669381939475
0.00944157662581511,0.09510415424540483,-0.23619425874465771
0.00944157662581511,0.09510415424540483,-0.23619425874465771
0.009453912137076493,0.09527063551170485,-0.236292447926219
0.009453912137076493,0.09527063551170485,-0.236292447926219
0.009453912137076493,0.09527063551170485,-0.236292447926219
0.009465085565465693,0.09543629623175391,-0.23639211722418066
0.009465085565465693,0.09543629623175391,-0.23639211722418066
0.009465085565465693,0.09543629623175391,-0.23639211722418066
0.009442277241407254,0.09828051981932995,-0.23846648429524717
0.009428536593217749,0.09843091406693018,-0.23859740431453344
0.009428536593217749,0.09843091406693018,-0.23859740431453344
0.009428536593217749,0.09843091406693018,-0.23859740431453344
0.009413581696484478,0.09858063584285864,-0.238729999793096
0.009413581696484478,0.09858063584285864,-0.238729999793096
0.009413581696484478,0.09858063584285864,-0.238729999793096
0.009397490993060049,0.09872975309884124,-0.23886421209810713
0.008950952556198051,0.10134543239343616,-0.2415356985125833
0.008950952556198051,0.10134543239343616,-0.2415356985125833
0.008950952556198051,0.10134543239343616,-0.2415356985125833
0.008950952556198051,0.10134543239343616,-0.2415356985125833
0.008950952556198051,0.10134543239343616,-0.2415356985125833
0.00891797541177193,0.10148722440186295,-0.2416980549769613
0.00891797541177193,0.10148722440186295,-0.2416980549769613
0.00891797541177193,0.10148722440186295,-0.2416980549769613
0.008318984768769279,0.1040330020629777,-0.244776669506737
0.008318984768769279,0.1040330020629777,-0.244776669506737
0.008318984768769279,0.1040330020629777,-0.244776669506737
0.008318984768769279,0.1040330020629777,-0.244776669506737
0.00828541603349521,0.1041740838030066,-0.2449561568145195
0.00828541603349521,0.1041740838030066,-0.2449561568145195
0.00828541603349521,0.1041740838030066,-0.2449561568145195
0.00828541603349521,0.1041740838030066,-0.2449561568145195
0.007642671749976985,0.10690708787136516,-0.24847507648338046
0.007608584688206006,0.10705369205368855,-0.2486659751909872
0.007608584688206006,0.10705369205368855,-0.2486659751909872
0.007608584688206006,0.10705369205368855,-0.2486659751909872
0.007574477405287241,0.10720027019814087,-0.248857517283472
0.007574477405287241,0.10720027019814087,-0.248857517283472
0.007574477405287241,0.10720027019814087,-0.248857517283472
0.007574477405287241,0.10720027019814087,-0.248857517283472
0.006957236991026716,0.10983407248794434,-0.2524242872824869
0.006957236991026716,0.10983407248794434,-0.2524242872824869
0.006922528127590665,0.10998013132077694,-0.25262910794057264
0.006922528127590665,0.10998013132077694,-0.25262910794057264
0.006922528127590665,0.10998013132077694,-0.25262910794057264
0.006887278091884913,0.11012614514338666,-0.2528347592503422
0.006887278091884913,0.11012614514338666,-0.2528347592503422
0.006887278091884913,0.11012614514338666,-0.2528347592503422
0.006075263491909951,0.11303779225827587,-0.257114226815637
0.006075263491909951,0.11303779225827587,-0.257114226815637
0.0059832281590507545,0.11332807462578491,-0.25755930029123525
0.005936651466116445,0.11347316909194495,-0.2577827538467094
0.005936651466116445,0.11347316909194495,-0.2577827538467094
0.005936651466116445,0.11347316909194495,-0.2577827538467094
0.005889682613902238,0.11361823622969308,-0.2580067036552793
0.005889682613902238,0.11361823622969308,-0.2580067036552793
0.0050306070748326395,0.11608100548302364,-0.2618668036355732
0.0050306070748326395,0.11608100548302364,-0.2618668036355732
0.004976704081844425,0.11622568948694088,-0.26209673493602004
0.004976704081844425,0.11622568948694088,-0.26209673493602004
0.004976704081844425,0.11622568948694088,-0.26209673493602004
0.004922801088856213,0.11637037349085821,-0.2623266662364669
0.004922801088856213,0.11637037349085821,-0.2623266662364669
0.004814995102879777,0.11665974149869276,-0.2627865288373605
0.004059667463014552,0.11868420453281807,-0.26603716509092645
0.004059667463014552,0.11868420453281807,-0.26603716509092645
0.004005661733420071,0.11882890682603299,-0.266271616539531
0.004005661733420071,0.11882890682603299,-0.266271616539531
0.0039516435799286055,0.11897393153400201,-0.26650624111496124
0.0039516435799286055,0.11897393153400201,-0.26650624111496124
0.0039516435799286055,0.11897393153400201,-0.26650624111496124
0.0038976099765664863,0.11911924650773918,-0.26674119963625714
0.002976485291636622,0.1216401071778959,-0.2707863294536568
0.002922149805437691,0.12179139524055518,-0.27102729555191957
0.002922149805437691,0.12179139524055518,-0.27102729555191957
0.002922149805437691,0.12179139524055518,-0.27102729555191957
0.002922149805437691,0.12179139524055518,-0.27102729555191957
0.0028677955420921605,0.12194306628336422,-0.27126861627555127
0.0028677955420921605,0.12194306628336422,-0.27126861627555127
0.0028677955420921605,0.12194306628336422,-0.27126861627555127
0.0018871298662184852,0.12474699617779006,-0.2756177225533072
0.001832525463814352,0.12490684209905792,-0.2758594813103928
0.001832525463814352,0.12490684209905792,-0.2758594813103928
0.0017779108563256846,0.12506702593590052,-0.2761012518298219
0.001614008072039966,0.12554952231000685,-0.276826631425684
0.001614008072039966,0.12554952231000685,-0.276826631425684
0.0015593540833091358,0.1257110027161346,-0.27706844742306036
0.0015593540833091358,0.1257110027161346,-0.27706844742306036
7.932065030281999E-4,0.1280039674884259,-0.2804550250667016
7.384105971790307E-4,0.12817006067440168,-0.28069700617460447
7.384105971790307E-4,0.12817006067440168,-0.28069700617460447
7.384105971790307E-4,0.12817006067440168,-0.28069700617460447
6.836043093648804E-4,0.12833649068422798,-0.28093899937854727
6.836043093648804E-4,0.12833649068422798,-0.28093899937854727
6.836043093648804E-4,0.12833649068422798,-0.28093899937854727
6.836043093648804E-4,0.12833649068422798,-0.28093899937854727
-4.7153895745161015E-4,0.13190316143574127,-0.28611292755489426
-5.267505961286285E-4,0.13207641320230476,-0.2863638823556904
-5.267505961286285E-4,0.13207641320230476,-0.2863638823556904
-5.81982474934753E-4,0.13225004260623685,-0.2866152335538559
-5.81982474934753E-4,0.13225004260623685,-0.2866152335538559
-5.81982474934753E-4,0.13225004260623685,-0.2866152335538559
-5.81982474934753E-4,0.13225004260623685,-0.2866152335538559
-6.372366054529847E-4,0.13242409428496818,-0.28686697975170705
-0.001524245545900577,0.13526105793276516,-0.29094822094172834
-0.0015798617049894623,0.13544159008772746,-0.29120643881419045
-0.0015798617049894623,0.13544159008772746,-0.29120643881419045
-0.00163532757837415,0.13562257000550532,-0.29146467720936187
-0.00163532757837415,0.13562257000550532,-0.29146467720936187
-0.00163532757837415,0.13562257000550532,-0.29146467720936187
-0.00163532757837415,0.13562257000550532,-0.29146467720936187
-0.0016904819079189707,0.1358040967578925,-0.2917229440056103
-0.0024624738399018947,0.13857584390316724,-0.29560016474567147
-0.0024624738399018947,0.13857584390316724,-0.29560016474567147
-0.0024624738399018947,0.13857584390316724,-0.29560016474567147
-0.002510411480700457,0.13876360316666175,-0.2958590195110408
-0.002510411480700457,0.13876360316666175,-0.2958590195110408
-0.002510411480700457,0.13876360316666175,-0.2958590195110408
-0.002510411480700457,0.13876360316666175,-0.2958590195110408
-0.0025583569413981737,0.13895134882627552,-0.2961182206320696
-0.003664342494935263,0.1432635606284044,-0.3022304401625242
-0.003664342494935263,0.1432635606284044,-0.3022304401625242
-0.003664342494935263,0.1432635606284044,-0.3022304401625242
-0.003664342494935263,0.1432635606284044,-0.3022304401625242
-0.003664342494935263,0.1432635606284044,-0.3022304401625242
-0.003664342494935263,0.1432635606284044,-0.3022304401625242
-0.003664342494935263,0.1432635606284044,-0.3022304401625242
-0.003664342494935263,0.1432635606284044,-0.3022304401625242
-0.004340734902884065,0.14588231766737558,-0.3061028708917628
-0.004340734902884065,0.14588231766737558,-0.3061028708917628
-0.004340734902884065,0.14588231766737558,-0.3061028708917628
-0.004340734902884065,0.14588231766737558,-0.3061028708917628
-0.004340734902884065,0.14588231766737558,-0.3061028708917628
-0.004340734902884065,0.14588231766737558,-0.3061028708917628
-0.004340734902884065,0.14588231766737558,-0.3061028708917628
-0.004340734902884065,0.14588231766737558,-0.3061028708917628
-0.005359173923845286,0.1498027354877643,-0.3120938902077246
-0.005359173923845286,0.1498027354877643,-0.3120938902077246
-0.005359173923845286,0.1498027354877643,-0.3120938902077246
-0.005359173923845286,0.1498027354877643,-0.3120938902077246
-0.005359173923845286,0.1498027354877643,-0.3120938902077246
-0.005359173923845286,0.1498027354877643,-0.3120938902077246
-0.005359173923845286,0.1498027354877643,-0.3120938902077246
-0.005407774023486029,0.14998921863685008,-0.3123837622577727
-0.006285588395312636,0.1533404701671992,-0.31771685359773827
-0.006285588395312636,0.1533404701671992,-0.31771685359773827
-0.006285588395312636,0.1533404701671992,-0.31771685359773827
-0.006285588395312636,0.1533404701671992,-0.31771685359773827
-0.006285588395312636,0.1533404701671992,-0.31771685359773827
-0.006334087071741548,0.15352657441774936,-0.3180191889847883
-0.006334087071741548,0.15352657441774936,-0.3180191889847883
-0.006334087071741548,0.15352657441774936,-0.3180191889847883
-0.007090145990264957,0.1571284421612006,-0.3237714628138418
-0.007090145990264957,0.1571284421612006,-0.3237714628138418
-0.007090145990264957,0.1571284421612006,-0.3237714628138418
-0.007090145990264957,0.1571284421612006,-0.3237714628138418
-0.007090145990264957,0.1571284421612006,-0.3237714628138418
-0.007090145990264957,0.1571284421612006,-0.3237714628138418
-0.007090145990264957,0.1571284421612006,-0.3237714628138418
-0.007090145990264957,0.1571284421612006,-0.3237714628138418
-0.007689840963445811,0.16157694959842528,-0.330562029987716
-0.007689840963445811,0.16157694959842528,-0.330562029987716
-0.007689840963445811,0.16157694959842528,-0.330562029987716
-0.007689840963445811,0.16157694959842528,-0.330562029987716
-0.007689840963445811,0.16157694959842528,-0.330562029987716
-0.007689840963445811,0.16157694959842528,-0.330562029987716
-0.007689840963445811,0.16157694959842528,-0.330562029987716
-0.007689840963445811,0.16157694959842528,-0.330562029987716
